DesiredHeight,windiestSiteNumber,windSpeed
80,13.0,50.796584593961242
100,13.0,80.243503407809882
120,13.0,116.58905220579551
